<?xml version="1.0" encoding="UTF-8"?>
<!DOCTYPE mapper PUBLIC "-//mybatis.org//DTD Mapper 3.0//EN" "http://mybatis.org/dtd/mybatis-3-mapper.dtd">
<mapper namespace="com.lsx.user.dao.UserMapper">
  <resultMap id="BaseResultMap" type="com.lsx.user.bean.User">
    <id column="id" jdbcType="BIGINT" property="id" />
    <result column="name" jdbcType="VARCHAR" property="name" />
    <result column="phone" jdbcType="VARCHAR" property="phone" />
    <result column="sex" jdbcType="INTEGER" property="sex" />
    <result column="password" jdbcType="VARCHAR" property="password" />
  </resultMap>
  <sql id="Base_Column_List">
    id, name, phone, sex, password
  </sql>
  <select id="selectByPrimaryKey" parameterType="java.lang.Long" resultMap="BaseResultMap">
    select 
    <include refid="Base_Column_List" />
    from t_user
    where id = #{id,jdbcType=BIGINT}
  </select>
  <delete id="deleteByPrimaryKey" parameterType="java.lang.Long">
    delete from t_user
    where id = #{id,jdbcType=BIGINT}
  </delete>
  <insert id="insert" parameterType="com.lsx.user.bean.User">
    insert into t_user (id, name, phone, 
      sex, password)
    values (#{id,jdbcType=BIGINT}, #{name,jdbcType=VARCHAR}, #{phone,jdbcType=VARCHAR}, 
      #{sex,jdbcType=CHAR}, #{password,jdbcType=VARCHAR})
  </insert>
  <insert id="insertSelective" parameterType="com.lsx.user.bean.User">
    insert into t_user
    <trim prefix="(" suffix=")" suffixOverrides=",">
      <if test="id != null">
        id,
      </if>
      <if test="name != null">
        name,
      </if>
      <if test="phone != null">
        phone,
      </if>
      <if test="sex != null">
        sex,
      </if>
      <if test="password != null">
        password,
      </if>
    </trim>
    <trim prefix="values (" suffix=")" suffixOverrides=",">
      <if test="id != null">
        #{id,jdbcType=BIGINT},
      </if>
      <if test="name != null">
        #{name,jdbcType=VARCHAR},
      </if>
      <if test="phone != null">
        #{phone,jdbcType=VARCHAR},
      </if>
      <if test="sex != null">
        #{sex,jdbcType=INTEGER},
      </if>
      <if test="password != null">
        #{password,jdbcType=VARCHAR},
      </if>
    </trim>
  </insert>
  <update id="updateByPrimaryKeySelective" parameterType="com.lsx.user.bean.User">
    update t_user
    <set>
      <if test="name != null">
        name = #{name,jdbcType=VARCHAR},
      </if>
      <if test="phone != null">
        phone = #{phone,jdbcType=VARCHAR},
      </if>
      <if test="sex != null">
        sex = #{sex,jdbcType=INTEGER},
      </if>
      <if test="password != null">
        password = #{password,jdbcType=VARCHAR},
      </if>
    </set>
    where id = #{id,jdbcType=BIGINT}
  </update>
  <update id="updateByPrimaryKey" parameterType="com.lsx.user.bean.User">
    update t_user
    set name = #{name,jdbcType=VARCHAR},
      phone = #{phone,jdbcType=VARCHAR},
      sex = #{sex,jdbcType=INTEGER},
      password = #{password,jdbcType=VARCHAR}
    where id = #{id,jdbcType=BIGINT}
  </update>

  <select id="selectByPhoneAndPassword" resultType="com.lsx.user.bean.User">
    select
        <include refid="Base_Column_List" />
    from t_user
    where phone = #{phone, jdbcType = VARCHAR}
        and password = #{password, jdbcType = VARCHAR}
  </select>
</mapper>