<?xml version="1.0" encoding="UTF-8"?>
<!DOCTYPE mapper PUBLIC "-//mybatis.org//DTD Mapper 3.0//EN" "http://mybatis.org/dtd/mybatis-3-mapper.dtd">
<mapper namespace="com.lsx.tyre.dao.OrderMapper">
  <resultMap id="BaseResultMap" type="com.lsx.tyre.bean.Order">
    <id column="id" jdbcType="BIGINT" property="id" />
    <result column="status" jdbcType="BIGINT" property="status" />
    <result column="order_type" jdbcType="BIGINT" property="orderType" />
    <result column="pay_status" jdbcType="BIGINT" property="payStatus" />
    <result column="description" jdbcType="VARCHAR" property="description" />
    <result column="receivable" jdbcType="DOUBLE" property="receivable" />
    <result column="real_price" jdbcType="DOUBLE" property="realPrice" />
    <result column="order_at" jdbcType="TIMESTAMP" property="orderAt" />
    <result column="create_at" jdbcType="TIMESTAMP" property="createAt" />
    <result column="update_at" jdbcType="TIMESTAMP" property="updateAt" />
    <result column="deleted" jdbcType="INTEGER" property="deleted" />
  </resultMap>
  <sql id="Base_Column_List">
    id, status, order_type, pay_status, description, receivable, real_price, order_at, 
    create_at, update_at, deleted
  </sql>
  <select id="selectByPrimaryKey" parameterType="java.lang.Long" resultMap="BaseResultMap">
    select 
    <include refid="Base_Column_List" />
    from t_order
    where id = #{id,jdbcType=BIGINT}
  </select>
  <delete id="deleteByPrimaryKey" parameterType="java.lang.Long">
    delete from t_order
    where id = #{id,jdbcType=BIGINT}
  </delete>
  <insert id="insert" parameterType="com.lsx.tyre.bean.Order">
    insert into t_order (id, status, order_type, 
      pay_status, description, receivable, 
      real_price, order_at, create_at, 
      update_at, deleted)
    values (#{id,jdbcType=BIGINT}, #{status,jdbcType=BIGINT}, #{orderType,jdbcType=BIGINT}, 
      #{payStatus,jdbcType=BIGINT}, #{description,jdbcType=VARCHAR}, #{receivable,jdbcType=DOUBLE}, 
      #{realPrice,jdbcType=DOUBLE}, #{orderAt,jdbcType=TIMESTAMP}, #{createAt,jdbcType=TIMESTAMP}, 
      #{updateAt,jdbcType=TIMESTAMP}, #{deleted,jdbcType=INTEGER})
  </insert>
  <insert id="insertSelective" parameterType="com.lsx.tyre.bean.Order">
    insert into t_order
    <trim prefix="(" suffix=")" suffixOverrides=",">
      <if test="id != null">
        id,
      </if>
      <if test="status != null">
        status,
      </if>
      <if test="orderType != null">
        order_type,
      </if>
      <if test="payStatus != null">
        pay_status,
      </if>
      <if test="description != null">
        description,
      </if>
      <if test="receivable != null">
        receivable,
      </if>
      <if test="realPrice != null">
        real_price,
      </if>
      <if test="orderAt != null">
        order_at,
      </if>
      <if test="createAt != null">
        create_at,
      </if>
      <if test="updateAt != null">
        update_at,
      </if>
      <if test="deleted != null">
        deleted,
      </if>
    </trim>
    <trim prefix="values (" suffix=")" suffixOverrides=",">
      <if test="id != null">
        #{id,jdbcType=BIGINT},
      </if>
      <if test="status != null">
        #{status,jdbcType=BIGINT},
      </if>
      <if test="orderType != null">
        #{orderType,jdbcType=BIGINT},
      </if>
      <if test="payStatus != null">
        #{payStatus,jdbcType=BIGINT},
      </if>
      <if test="description != null">
        #{description,jdbcType=VARCHAR},
      </if>
      <if test="receivable != null">
        #{receivable,jdbcType=DOUBLE},
      </if>
      <if test="realPrice != null">
        #{realPrice,jdbcType=DOUBLE},
      </if>
      <if test="orderAt != null">
        #{orderAt,jdbcType=TIMESTAMP},
      </if>
      <if test="createAt != null">
        #{createAt,jdbcType=TIMESTAMP},
      </if>
      <if test="updateAt != null">
        #{updateAt,jdbcType=TIMESTAMP},
      </if>
      <if test="deleted != null">
        #{deleted,jdbcType=INTEGER},
      </if>
    </trim>
  </insert>
  <update id="updateByPrimaryKeySelective" parameterType="com.lsx.tyre.bean.Order">
    update t_order
    <set>
      <if test="status != null">
        status = #{status,jdbcType=BIGINT},
      </if>
      <if test="orderType != null">
        order_type = #{orderType,jdbcType=BIGINT},
      </if>
      <if test="payStatus != null">
        pay_status = #{payStatus,jdbcType=BIGINT},
      </if>
      <if test="description != null">
        description = #{description,jdbcType=VARCHAR},
      </if>
      <if test="receivable != null">
        receivable = #{receivable,jdbcType=DOUBLE},
      </if>
      <if test="realPrice != null">
        real_price = #{realPrice,jdbcType=DOUBLE},
      </if>
      <if test="orderAt != null">
        order_at = #{orderAt,jdbcType=TIMESTAMP},
      </if>
      <if test="createAt != null">
        create_at = #{createAt,jdbcType=TIMESTAMP},
      </if>
      <if test="updateAt != null">
        update_at = #{updateAt,jdbcType=TIMESTAMP},
      </if>
      <if test="deleted != null">
        deleted = #{deleted,jdbcType=INTEGER},
      </if>
    </set>
    where id = #{id,jdbcType=BIGINT}
  </update>
  <update id="updateByPrimaryKey" parameterType="com.lsx.tyre.bean.Order">
    update t_order
    set status = #{status,jdbcType=BIGINT},
      order_type = #{orderType,jdbcType=BIGINT},
      pay_status = #{payStatus,jdbcType=BIGINT},
      description = #{description,jdbcType=VARCHAR},
      receivable = #{receivable,jdbcType=DOUBLE},
      real_price = #{realPrice,jdbcType=DOUBLE},
      order_at = #{orderAt,jdbcType=TIMESTAMP},
      create_at = #{createAt,jdbcType=TIMESTAMP},
      update_at = #{updateAt,jdbcType=TIMESTAMP},
      deleted = #{deleted,jdbcType=INTEGER}
    where id = #{id,jdbcType=BIGINT}
  </update>
</mapper>